{
  "oreConfig": [
    {
      "ore": "minecraft:lapis_ore",
      "fillers": [
        "STONE_ORE_REPLACEABLES"
      ],
      "distribution": "TRIANGLE",
      "minY": -32,
      "maxY": 32,
      "maxVeinSize": 7,
      "spawnRate": 4.0,
      "discardChanceOnAirExposure": 0.0,
      "biomeFilters": {
        "biomeBlacklist": [],
        "biomeWhitelist": [
          "OVERWORLD"
        ]
      },
      "replace": true
    },
    {
      "ore": "minecraft:lapis_ore",
      "fillers": [
        "STONE_ORE_REPLACEABLES"
      ],
      "distribution": "UNIFORM",
      "minY": -64,
      "maxY": 64,
      "maxVeinSize": 7,
      "spawnRate": 2.0,
      "discardChanceOnAirExposure": 1.0,
      "biomeFilters": {
        "biomeBlacklist": [],
        "biomeWhitelist": [
          "OVERWORLD"
        ]
      },
      "replace": true
    }
  ]
}