{
  "oreConfig": [
    {
      "ore": "minecraft:nether_gold_ore",
      "fillers": [
        "minecraft:netherrack"
      ],
      "distribution": "UNIFORM",
      "minY": 10,
      "maxY": 116,
      "maxVeinSize": 10,
      "spawnRate": 10.0,
      "discardChanceOnAirExposure": 0.0,
      "biomeFilters": {
        "biomeBlacklist": [],
        "biomeWhitelist": [
          "NETHER"
        ]
      },
      "replace": true
    },
    {
      "ore": "minecraft:nether_gold_ore",
      "fillers": [
        "minecraft:netherrack"
      ],
      "distribution": "UNIFORM",
      "minY": 10,
      "maxY": 116,
      "maxVeinSize": 10,
      "spawnRate": 20.0,
      "discardChanceOnAirExposure": 0.0,
      "biomeFilters": {
        "biomeBlacklist": [],
        "biomeWhitelist": [
          "NETHER"
        ]
      },
      "replace": true
    }
  ]
}