{
  "oreConfig": [
    {
      "ore": "malf:rare_earth_ore",
      "fillers": [
        "STONE_ORE_REPLACEABLES"
      ],
      "distribution": "TRIANGLE",
      "minY": -100,
      "maxY": 0,
      "maxVeinSize": 3,
      "spawnRate": 1.5,
      "discardChanceOnAirExposure": 0.5,
      "biomeFilters": {
        "biomeBlacklist": [],
        "biomeWhitelist": [
          "OVERWORLD"
        ]
      },
      "replace": true
    },
    {
      "ore": "malf:rare_earth_ore",
      "fillers": [
        "STONE_ORE_REPLACEABLES"
      ],
      "distribution": "TRIANGLE",
      "minY": -100,
      "maxY": 0,
      "maxVeinSize": 9,
      "spawnRate": 0.05,
      "discardChanceOnAirExposure": 0.7,
      "biomeFilters": {
        "biomeBlacklist": [],
        "biomeWhitelist": [
          "OVERWORLD"
        ]
      },
      "replace": true
    },
    {
      "ore": "malf:rare_earth_ore",
      "fillers": [
        "STONE_ORE_REPLACEABLES"
      ],
      "distribution": "TRIANGLE",
      "minY": -100,
      "maxY": 0,
      "maxVeinSize": 5,
      "spawnRate": 5.0,
      "discardChanceOnAirExposure": 1.0,
      "biomeFilters": {
        "biomeBlacklist": [],
        "biomeWhitelist": [
          "OVERWORLD"
        ]
      },
      "replace": true
    },
    {
      "ore": "malf:rare_earth_ore",
      "fillers": [
        "STONE_ORE_REPLACEABLES"
      ],
      "distribution": "UNIFORM",
      "minY": -100,
      "maxY": -16,
      "maxVeinSize": 5,
      "spawnRate": 3.0,
      "discardChanceOnAirExposure": 0.9,
      "biomeFilters": {
        "biomeBlacklist": [],
        "biomeWhitelist": [
          "COLD"
        ]
      },
      "replace": true
    }
  ]
}